x1,x2,x3,y
-1.0,0.5828802978067209,0.7989236645087829,-2.0913357745002896
-0.8861234168860908,1.0,-0.5445413710451124,6.454365402417274
0.9528880542652975,0.03744849223817415,0.7769878201472642,7.58801564929532
-1.0,0.10463423065477473,-0.4103990214638864,-3.2105215365817896
0.4282775871050737,0.3966291992410629,-0.9507653436054215,-1.2873611175035162
0.0023632355146046002,-0.7099647069550297,0.8743604879306839,-1.438926055286311
-0.2653061669899248,-0.25343938832860746,0.8623234271096487,-0.333864640422077
-0.8735740618833077,-0.3744979432311921,1.0,4.772714600358133
0.106167131850599,1.0,-0.6472420509653347,9.985187643783492
0.3049749656084175,-0.2553053288781124,0.2137768855459916,1.4162172502518855
-0.7562872802387524,0.48083015337639123,0.2541533622645704,-2.6788438901822227
0.2467461833818747,0.8613253135708345,-0.2145926374329532,4.342198540520677
-0.630788923934305,-0.9049637346201216,-0.9916690564613748,-5.2974971798568955
-1.0,0.6823015989464976,-0.8527652404638757,10.1821880319065
1.0,-0.024477708229514006,-0.8863783353690442,8.747382879715223
-1.0,1.0,-1.0,21.60953556000343
1.0,-0.02816641305740797,-0.4133454573809532,4.875802483216462
0.13197017232922348,-0.7000941456786456,-0.8530920529974491,-2.819759042074027
0.4703496585702396,0.3606475435403649,0.0762787224377639,1.5714554982411686
-0.5559368541675285,-0.10643575963595486,-0.288266619416889,0.7345232172572302
0.7784519721446632,-0.30534095254165816,1.0,0.3984741485899593
0.323970683841043,0.6373887583993452,-0.002155110819570094,1.7954502097715488
0.5734393418215715,0.1690183477873375,-0.021831231094830095,1.357534856973136
-0.05525606071175915,1.0,-0.8831253854119645,7.216096317004035
-0.19662595214597056,1.0,0.9136088838399545,11.594701525071377
-0.7931239526155076,0.7803420042919498,0.987013592934074,8.472840669620924
-0.25692220884811734,-1.0,-0.09360311044363434,2.7783838045781937
0.21468981235948714,0.012414896987469781,0.7902244049433185,0.01222716442382022
-0.14299758706577537,-0.9903898042431007,1.0,-5.85710000987836
-0.002796667957063459,0.6710700725479837,-0.5151216002916119,0.3328541648970532
-0.5139660192241053,0.2394805209266453,-0.5013007744348106,-0.5279385526283259
1.0,-0.36459232614319936,0.42702688598992355,4.616363597596645
0.24226470319632387,-1.0,0.6044075799291353,-0.6817847136959443
-0.1530386455874424,-0.9205752146973845,-0.45447412626014483,1.5471590078609188
0.502685780655755,-0.5012208505152047,1.0,-3.190840124370731
-0.648218785670927,1.0,-0.2574723461072759,4.792060005557862
0.9667205056262438,0.025213162117490695,0.32584644511217764,4.527885481229775
0.8697103231221932,-0.10682187776438568,-1.0,1.0352786867184354
1.0,0.10441069673919268,-0.06825530889399967,4.861001770143963
0.028636708256581267,-0.2112423183165273,-0.393527273753308,1.7813869720672222
0.7194773701602535,-1.0,0.491477629296595,-2.3000071472906303
1.0,-1.0,-1.0,-29.67312251262364
-0.6269516288502046,0.3743490781089358,1.0,2.6746785457653823
0.6544277121795596,1.0,-0.2526129610683596,9.69989826274705
-0.9281818194822966,-0.42969950147873126,0.05068423163374791,-1.273930350012281
-0.4717990852563967,-0.9384059922311976,0.501163800025866,2.8269304403962456
0.2544097057881729,0.7218833382764824,1.0,6.061881295014447
0.47000426581497035,0.5811676532884635,1.0,4.821591232439841
-0.2960429016764037,-0.40382342587219977,0.017193023162374477,1.446046985837468
-0.2986723664060318,0.9416409983588117,-0.6346285567872019,3.3618693567155904
-0.6391009452213092,-0.8197097536836611,-0.03414918315217563,3.3780257460654415
0.09370139629986407,1.0,-0.6324863790664317,9.95217093949656
-0.5340763490535656,-0.07276031233095681,-0.7679835228782954,0.3787025286952198
-0.446775326468817,-0.7919770868941671,-0.8511591408831263,-2.724568788868188
0.5241779522004792,0.3370243118422669,0.045848728038223374,0.7778624257367341
0.06812752375347086,-0.5657512357463579,-0.039778749697806814,1.4882531644013872
0.49870272307063357,0.3615999310135156,1.0,1.8438548355544107
0.31675803727270213,-1.0,-0.5809159713959522,-2.9574496948667672
1.0,-0.9292698533574519,-1.0,-18.036457873095973
0.7710301810052107,0.04621795211871804,-1.0,0.04454467760470049
0.18471769974753327,0.6057428058736303,0.8801160730341224,3.317099276054088
1.0,0.0669284065726472,0.19990192357284609,5.3760694555958395
0.590006633874933,-0.7646698675066055,-0.8565316611173444,-4.0009820823104985
0.7013245958508598,0.030489426115704932,0.37877981035332775,2.5470026131104975
-0.02325178953110041,-0.08435454102705431,-0.230770082362048,1.330338312553717
-1.0,0.6506056205655362,1.0,8.059189786718367
0.1469926973882285,-0.9479644816901358,-0.47304678384392473,0.353985245475134
-0.15053871203313252,-0.061933510103335365,-0.9193956828691554,-1.5720050500023848
-0.09380540988268282,0.11303198941416004,-0.8832281305790595,-0.38957102014133516
1.0,0.19792015752301717,-0.7796253544778631,7.810501151294671
0.40065292701287913,-0.3024792494689148,1.0,-1.9100115077510447
-0.5201294409694506,0.8686916040895194,-0.759285579740614,-0.5863929404316609
0.2839961107374598,0.4889659250159668,-0.2559859054428344,0.558605534542937
-1.0,0.21339072041981155,-0.008433201568840643,-4.308646472859488
0.6115218279399897,-0.017855284810639915,-0.0707260578809521,1.7363423226235981
0.1255828173067539,-0.6144398195970613,-0.8432815013350821,-1.4239922338969018
-0.3266480456384051,-0.16218182005165271,0.3347471162882327,-0.20474437968633424
0.5920445951051012,0.6317147681914126,0.039257635698223936,2.1216853738757
0.05330464737736529,0.7966455416653575,0.9611193633034603,6.139166036332927
1.0,-0.7004137839560507,-0.2093889797682531,2.2447304629472558
-0.1594226828258849,-1.0,1.0,-5.669713796324697
-0.0945214726567909,-0.08358908753670291,1.0,0.45497634221677324
0.200374197708306,1.0,-0.420546951002694,10.331158429508339
0.9280173412191943,0.43917507584932625,-1.0,7.218581270182295
0.8280468516410575,0.5769148946219316,0.4642550498908462,5.286128938675002
0.6291686685911866,-0.7499437934670361,-0.4074984078788586,0.1933856876540227
-0.835046649658931,-0.8600071714457116,-1.0,0.19740351864198458
0.5118988085648752,-1.0,-0.6782982904977377,-6.365704914707712
0.473799993845496,0.3726393448975718,-1.0,-2.5331712285460153
0.7061318270475745,-0.02725099013250487,-0.8371660935815808,1.7787496685604105
1.0,-1.0,-0.33323619129082327,-9.421858516854874
0.9495804377303807,-1.0,0.5551900168004209,-5.774835739993968
1.0,-1.0,-0.40817169013618537,-9.974552395980536
-0.8329416107139693,1.0,1.0,15.885893120029474
0.8966159506355176,-0.6310933527396316,-0.9288595706651617,-1.9558430908664193
-0.2719255219316803,-1.0,-0.2828437997297193,3.034099752014005
-0.1604468278133524,0.8292203642165028,0.02343881485572008,2.2673633639884065
0.1695050579027788,-1.0,-0.3813323221921754,0.5241625879954681
-0.135171316137231,0.18415678774999433,-1.0,-2.575596073201793
-0.06033575451643358,0.5697206358246056,0.8082036670993005,1.8912960203031608
-0.25446326007572573,0.3223083672907554,-0.11680924584311536,-0.8553464209597568
-1.0,-1.0,-0.11363434574228615,6.986013032143058
1.0,1.0,-0.37013721402990085,17.402912931226737
0.48733705550000894,0.04486552647123143,-0.2605685842994887,1.1228467409383687
0.046570164575862716,-1.0,0.031084861072775194,2.8655496045242783
-1.0,1.0,0.764955498860779,2.478440566548541
1.0,-0.5185835297910342,0.9476790385738041,4.456287652039541
-0.25926197512708415,0.056912020729959156,1.0,1.1911247929632465
-1.0,-1.0,0.2585446450733302,10.250406970143551
-0.1917073398445841,-0.5901918949066232,-0.6751016361965316,0.34895388535473765
-1.0,1.0,0.0578917735642126,6.898002884978603
-0.8312443866261372,-0.0796398371368483,1.0,3.7263987724777565
-0.6809281755827761,1.0,-1.0,1.4786333487132977
1.0,0.47605049946262157,0.3257297731983304,8.637781605615192
-0.8333209681537355,0.2090210098152605,0.28332772331012923,-2.345864191776198
-0.13952786825289598,-1.0,-0.9297399272819451,-12.73312335200667
-0.9420018245853701,0.4650559929077662,-1.0,12.827856675284538
-0.9223275672816369,0.13696774027443914,0.33971495365122406,-3.8711991468029963
1.0,0.07196191135819552,-1.0,8.329492857513165
-1.0,0.39936360911821933,-0.1245263033495545,-3.043418598416932
1.0,-0.22473308276546988,0.05328622683594619,4.553090449144846
1.0,-0.9231082647119553,0.5101149428947283,-2.6762428814893897
0.06043089998044615,0.04020999250161017,0.7356225227602473,-0.15020717980535542
-1.0,0.14597533909732086,-0.6813107181961744,1.1643136335631417
-1.0,0.32072126852897864,-1.0,14.8830905636082
-0.6863713408391574,-0.014009234373418389,-0.17810356564265417,-0.6357498965553109
-0.08563915577659675,-0.5057265273838629,0.2089962309453841,1.1201490806735679
-1.0,1.0,0.9551862070216599,12.215168475387376
-0.8729642036290606,0.7309634844442305,0.14823076762580234,-1.8140146391378895
-0.7490064507529572,0.732686777597009,0.5232571068641969,-1.7173669674582936
0.7867498290696147,0.19039310288079703,-0.7892083034621715,1.5989623808244868
0.31879174357947515,0.09887904469839648,0.36741576646788743,0.6881054119214401
-0.08343853050461836,0.19115598683972967,-0.08557665018189109,-0.09287289619073524
-0.46978137683009624,0.2219726363857093,-0.15820811172604188,0.035828306326941006
0.1755214602951365,-0.5430109561075667,-0.8059003425673528,-1.154169449843208
0.28611315332463794,0.2868793298492591,-0.16229170229999523,0.9888717918449663
-0.8886001498235094,0.06761904591856505,1.0,3.704850775190111
1.0,-0.6539146759688621,-0.35860327258575886,2.9996407750093246
0.4047035908683281,1.0,-1.0,6.4487029536385
0.4110733786778371,-0.44771850192825724,-0.5179959977673037,1.6218168389944738
-0.044735248092947266,0.3393041665057841,1.0,2.438189874190344
0.2623312605052375,0.5621332690161682,1.0,4.006748810157171
-0.2412705996359723,-1.0,-0.0007325099609303276,3.2765553589838485
-0.23857003754258654,-1.0,0.24281710611734542,2.329638015405682
-0.6935114126972797,0.19393689824199312,1.0,2.516799022584485
0.7877139359648515,0.15599294679960662,1.0,5.854208900689047
1.0,-1.0,0.31023271378040573,-7.971425619839321
0.3714942578627929,0.3103599306517677,0.38995387387484404,-0.20836878168706408
0.7066394141569248,0.08357750718006729,0.7510615966691263,1.7070246095214006
-0.874670045925406,-0.48134029907063014,1.0,5.03800045367232
0.3438795207855867,-0.08504185590090008,0.7429991476581477,1.0442657054279902
0.2892946041273663,1.0,-0.5936186333281765,11.324853139337897
0.6384220727304235,1.0,0.3336496469973238,5.929431259365536
0.15266119694435965,-0.3284499593948409,-1.0,-4.5024907390653395
0.4968445404075932,0.309903146164769,-1.0,-2.8869429975061456
0.75648409280506,-0.7090948971940361,-0.05573540331018756,1.1555101011841677
0.17423760962084178,-0.346204527779745,-0.03579430880965151,0.5177276220367706
-0.23402278520654352,1.0,0.04148598560093286,7.319140270021469
-0.9535404681112649,-0.23167151516211804,1.0,4.377950400270461
-0.6579425744461516,-0.9478083586674406,-0.7428765334024277,-0.5825517184936134
-0.9309507564885098,-0.15829770299451096,-0.46420524611711445,-0.675272213961072
1.0,0.635490981481309,-1.0,14.253902197233373
-1.0,1.0,-0.8768062781249026,15.519886499966521
0.8934661671978066,-1.0,-0.27252950946746424,-6.860413382992678
1.0,-0.3616260930997406,0.9773715775441958,7.102161022557016
0.9360901037014457,0.42529830547434777,-1.0,7.215997133016727
0.3036397169063787,-0.2448806895830653,0.416861805475331,0.5151723260582446
1.0,-0.5193432791302006,0.002808733682575948,2.9671333563980964
-0.2986342428716533,0.0495703796617899,1.0,0.921325120885988
0.14927968876941256,0.559527951764923,-0.7784546022903027,0.3635437509640028
-0.3577316136635156,0.5759908771919224,-0.4178276515261574,-1.3110150143468624
0.6142674198640894,-0.6743461404889959,-0.6511721221952835,0.708281951164984
0.25766653203026646,-0.6126159279667653,0.5492646007448094,0.8551627395185132
-0.31057701278612826,1.0,0.06673047692428158,6.945056955664116
0.19041674188058177,-0.2512999429162046,-0.0766982476023963,2.342174686067906
-0.998644691198836,-0.15694144663348175,0.32513725453028464,-3.415321578000133
-1.0,0.6355429525497256,1.0,7.141376125839666
0.16217980294640477,-0.6508405723318706,0.12278652303631565,0.9555020501180027
-0.15998785353300393,0.5108076210875852,0.42820455203723995,-0.3048141611909852
0.7279360413321767,0.16816882919617893,-1.0,-0.197509267177295
-0.2622383947081557,-0.42112843532455324,-0.25333351987733055,1.4749800442588117
0.13662988553480337,1.0,-0.37199404888552223,9.199643515645578
-0.3566705566742445,-0.20450697258033945,-1.0,-2.9093557938140457
-0.5219962319604545,0.23747818317114322,-0.6697742836766689,-0.7330650282994452
0.5595088770588033,0.4290821580726969,-0.10495179666740384,0.3834143384905636
0.11929211443782473,-0.12819475420881155,-1.0,-3.8829952019355085
0.4289689227350384,1.0,0.6422299078946971,7.576080257476344
0.020462028192754778,-0.4562693503915354,0.5478713585814885,0.6928208826726105
-0.8715079771319172,-0.7356255831679874,-1.0,2.3938687309910693
0.46338628207374755,-1.0,-0.29944131906191873,-0.7717242759343967
0.10089567938740007,0.030602856756295482,-1.0,-2.7032237519480944
-0.7891749184963481,-1.0,1.0,6.347980498951308
1.0,-0.8723642655687283,1.0,-2.979359506481711
-0.5450571973337648,-0.7593955594427193,-0.4148694863329605,1.806826396084354
-0.3545862711258121,1.0,0.4990478339884332,7.648071676380883
0.18653320342188473,-0.6510310464560536,-0.036128108588507235,1.6363990196810427
-0.38375138102651407,0.3660816990050313,-1.0,-2.483182060743422
0.4982822777570488,-0.3430767297757096,0.23002506606504025,0.6767377931075708
0.449506782698875,0.7568598171953997,-0.7042994959309878,2.12866852240171
0.6616802607405481,0.4638130531768754,-0.301625451509681,1.1063545476825976
-0.30809134539411454,-0.4620690854961982,0.08071345848900924,0.8638577793734735
1.0,-0.8788648370115184,0.47737950769367754,-0.8083946104143256
-1.0,-1.0,1.0,21.657943153881604
0.46004059897206573,-0.29345009081608797,1.0,-2.139945980062393
-0.4865523817273141,0.7190404740630509,-0.9474210055462231,-2.830594488686187
-1.0,0.11157721739092907,0.24018422694892005,-5.0069327306259845
-0.7718368161037643,-0.9029464286178166,-1.0,-2.5040974379537095
-0.07120696942902915,-1.0,0.300917691615292,1.5899066889923799
-0.10224423367276847,-0.24808006873399613,-0.6081792259498,0.03506561169118849
0.636621967203532,0.9719704430080409,-0.999487444744944,7.7406165916033185
1.0,0.022708127251044097,-1.0,8.568971247116917
-0.6445214862396429,0.9181884421462809,-0.12189732477812032,1.4164556787305111
0.5628385559743487,0.5101855413344902,1.0,4.318738070631619
-1.0,-1.0,1.0,21.756039538053635
0.8318615459234182,0.28019046615727716,-0.6231148594968281,1.8128777403578678
-0.2851565593393439,1.0,1.0,14.213815700649993
0.7149981405219814,-1.0,-1.0,-26.523284335456506
-1.0,-1.0,1.0,20.950745150022605
0.18109508274524222,0.7248352297578391,-0.4388967452304795,1.732803464583476
-0.652485294331385,0.2819717966945612,-1.0,0.402160219761738
1.0,0.3816146176243691,0.9559963369059594,18.258049239568017
0.1363319015526374,-0.2580951421167619,0.978741609726419,-0.7806855439957654
-1.0,0.732891302750476,-0.6052248540583107,5.655023847024725
1.0,-0.7061392541260954,1.0,1.1271270979583357
0.3409036384004618,0.21117041441879314,-0.23252911620672356,0.7452161548611231
-0.5119698959009136,0.17705226835341348,0.726741343925108,0.07299228908173716
-1.0,0.9164123538223676,-0.6163164463738999,9.339208314548285
-1.0,-0.12765978697504066,-0.8029313422642121,1.858159450797475
-0.7302441898578305,-0.09049002433549713,-0.5695874586251262,0.8036924771579859
1.0,-0.9032536760216328,-0.7719884849608143,-5.914066984935139
-0.4630031265112311,-0.7007462904751787,-0.4429982055363233,1.86079393280485
0.5347838106896965,0.031361682159727344,-1.0,-2.1768027316667715
-0.42706175460802887,0.36864971653306644,-0.3269396517239276,-1.1757967250869164
0.08305829440197465,-0.3307068112169025,0.17733118780776924,1.0540791659915898
0.040913272637213005,0.3328729375064612,0.3650271358952135,0.20605804488289484
-0.15970171217391527,-0.9283620302516125,0.04880639531927744,2.6434047907616134
-0.3127543380028732,-0.08200460346134353,0.6409943570523633,0.5719176261976767
-1.0,-1.0,-0.6900462622196306,3.5215015496494355
-0.02851152746341734,-1.0,-0.6166806227089581,-1.6411845095043853
-1.0,-0.5635701009958587,1.0,10.233416093325301
0.7802038980250872,-0.758078603186515,0.7218911973451696,0.018401192405258796
-0.2501281059745466,-1.0,0.43773028690429894,2.5121297101390185
-0.6767693817154568,0.2377021947584661,0.943760402758653,1.9753328191455468
1.0,0.2833708809161437,-0.18961314620602132,5.173819654242395
0.15618315168339536,0.5200054861611112,0.1937217104516975,0.8750853820864005
-0.6050780594478804,0.3027959966147673,-0.19651239587600577,-1.1855607627418596
0.3633765408467844,-0.11173557310932436,0.8733982774637223,-0.6546825022419683
-0.3292373465023406,0.365030988660507,-0.5677370105126309,-0.43956626401986076
0.40925557302629434,0.5323686506275549,0.5228193473510614,1.4927058383638074
0.13855296940608475,0.590403682314738,-0.14806837195151568,1.4611590740100895
0.18834352703570145,-0.6408483660873716,-0.6140761905523828,-0.49163866476826723
1.0,0.1338640050634572,1.0,14.269595772050861
0.2005041527821101,-1.0,1.0,-6.949020603731008
1.0,-0.33038759923932925,-0.018811365637527055,3.61796205256731
-0.020565012096333213,0.5578866751159783,1.0,4.055592514302449
-0.6236496380664118,0.3021248961434866,-0.34667989423057577,-1.836227708127638
0.6701071453966096,-1.0,-0.1712695569605165,-2.165752701811298
-1.0,0.11003569397267632,1.0,2.883610544876209
0.9174059925649871,1.0,0.5103263597855772,10.939941029819952
-0.6631466683779765,0.7823771404159292,0.07938954799197884,-1.9444062273437797
0.6572182413616203,0.14165240223739972,0.5237724708611518,1.2497487105841898
0.4165918746497532,-1.0,0.016978562111169992,0.5978107619327634
0.1425878172615378,-0.5775046899962768,-0.13314472764356422,1.3896726190680389
-0.17250017970515708,1.0,0.3992630293848851,8.015021301833812
0.21983169068233144,-0.7841754017621174,0.2964213658565058,1.3806420956078067
-0.9008032268829378,-1.0,-0.38451333612114924,6.310131194068926
-0.7786058888673291,0.45233290062823195,0.7570652010799244,-0.7917857567447001
0.16144480442884634,1.0,-1.0,4.749264359993798
0.04277625824898368,-0.40786247619795146,0.24504868484950304,1.41293532320211
1.0,0.6748344054162507,0.9168068965354401,19.792691877160014
0.7286943916066622,-0.13917307025627945,1.0,0.4790156928587243
0.09325729769014268,-0.3628211221219326,0.35744179981923474,1.1316906748257631
-1.0,0.811469517561632,0.6587421467533061,-2.210138802999616
0.5565290207009783,-0.9652430966616885,-1.0,-19.601012011450955
0.26460637263666476,-1.0,0.9727022998601591,-6.595088354903239
-0.21337873954381092,-0.07552182035912924,-0.49239715995434374,0.48077276807077685
-0.602731393292083,0.852491365405001,-0.7919018869462222,-2.3303512415289003
0.6319425651813708,1.0,-0.8346448184472082,12.899434592141935
-0.34082542286385276,0.19762248881210254,-1.0,-2.310515371710146
-0.9739716321350698,0.9531487981327815,-0.621577062220106,8.613972395577955
0.23745791804212568,-0.7712529668562538,1.0,-4.954275863349856
-0.546758960657806,-0.4770324325128317,0.7238402522325884,0.7877795734905358
-0.7142547465462192,-0.2910745361633358,-0.041282590047630574,0.12254403671163742
1.0,-0.2402612692585182,-0.28948338633440196,4.065211353845588
-1.0,1.0,-0.3911478200460863,11.510215498845223
0.19535801700902944,-0.7118052667392345,-0.05301862040898908,1.5199984012026282
0.5164616750908715,-1.0,-0.15192686199070593,-1.284637412863014
-1.0,0.11297006722696534,0.776948912305802,-2.5216984206278727
0.0012331850469169403,0.1577704203310626,0.6108782121531551,0.057840543073533174
-0.31738013178271784,0.03360806461431731,-0.25719021768112516,-0.2993842441481423
1.0,0.700011342540865,0.2807895931613278,8.671947439592888
0.5412265607170597,-1.0,0.29164140306719544,-1.453438390344719
-1.0,-0.3535429503849463,-1.0,6.922281954598269
0.4287172473170404,0.35333590510520585,-0.27002613064691006,0.5915546649254864
0.5271640536209827,0.471280467985723,0.6858269924025282,1.736771097689025
0.12809574090084452,-1.0,-1.0,-19.006841282619714
0.7105205105417014,-0.5375807713448435,-0.5014946282725441,0.8578381417457759
-0.07894335604514935,0.2428279787135279,-1.0,-3.335254135806341
0.030600833425291185,-0.006076724857210225,1.0,0.07499405191013148
-0.4898477583727623,0.47028754910787507,-0.5914258716048777,-1.4554857326352488
0.39976761520725956,-0.2742568222120054,0.07845155232962386,1.5062839717706389
0.7497289396500695,0.3797150878511637,0.12340192390540161,1.9743895839074217
-0.7404999690632434,0.2912303583654723,-0.22623390118225184,-1.432620776049735
-0.5662461624365536,-1.0,-0.45780377104551784,1.9101814694430523
0.6589390268496591,-0.44996677942959096,0.03140225223158266,0.5145939316507537
-0.9343687596937758,-0.9773721152747903,-0.9140075169523432,2.380808261813593
0.5379534042030929,-1.0,1.0,-6.932681725495581
-0.6894195191519692,-0.12849834985194275,0.3568987318031527,-0.4081972211041215
0.36649034202211905,-0.4905575316197197,-0.016474749954946688,0.564598116701164
0.18600970567081831,-0.32544862200161595,-0.5725842899755178,1.1471234849163348
-0.586388262910559,0.5208483070709862,-1.0,-1.9699610664725125
1.0,-0.3521898424160239,-1.0,4.424650705063334
-0.6317225553016315,-0.1610116952484939,-0.5307113494002806,-0.374419816531873
-1.0,1.0,-0.21441766790974381,10.640965370307816
1.0,0.6368134579600473,-0.5830377681885788,6.037631399533675
0.4005066391194412,0.0817639251725184,0.5807380503757325,1.412551822212575
-0.6338478179738243,0.5958666536740307,-0.5328484515730749,-2.0839966825492735
-0.4790914334530816,0.32863931145296066,-0.7005921744749721,-1.0374783023581493
-0.9299279601528456,-0.4562153185811444,0.19694996997592984,-0.9549665597508342
-0.11321023912948558,-1.0,-0.7956610403930393,-6.4573993086291885
-1.0,1.0,-0.14133471858960722,9.472263504229492
-0.5007486567130888,-0.04639569061676063,-0.0929759767574927,0.045312517505895766
-0.16512522235557725,-0.12127467364746725,-1.0,-3.033708444108576
0.13047043534618985,-0.04156184528745799,1.0,-0.8789735559638698
0.24868156304613565,0.5628257903220597,0.04075543832262185,0.9765068167185592
-0.29007471532033313,-0.6159162857394207,1.0,-0.49321056653086676
-1.0,0.020974184299324516,-0.5394803637458541,-2.3801489712215367
-0.9844503692558508,0.781177113103577,-1.0,18.13147077553173
0.9064283591618012,1.0,0.7372764690395424,13.612100476412339
-0.024125812309979677,-1.0,0.12055612317262177,2.798254819388772
0.3875079795385403,1.0,1.0,10.696999287322619
0.22998111404790156,-0.6237929174315302,-0.03692767104425321,1.943773824379888
-0.25516170844420394,0.15615136777702565,1.0,1.7650219253578507
0.6953053402783607,0.02691262501006575,0.4674502487982575,2.5428623117471
0.3893836523997878,-0.4079936569642555,-0.1389863174299666,2.2061160719773336
-0.7952087536304311,-0.2264139089284245,1.0,2.9370571138985735
0.6288614676002808,-0.7377434674370225,1.0,-4.142103913781236
-0.836122422836413,0.41672845017986404,0.46791123958133607,-3.5973391774484473
-0.6497382094680486,0.3580712848050176,0.16968591333467775,-1.076272318381564
1.0,0.44705404720571185,-1.0,11.838385298203153
-0.8056423755149178,-0.5581905454038472,-0.9474230306695854,2.043117174898561
0.17847606567708763,-0.4958740073179997,-0.22185728869712262,1.5582366007872315
0.9974373538942494,-0.4287269710767123,0.7199571422338711,6.224017816039662
-0.5244543598464688,-0.27908325129249567,-0.31361368132947387,-0.05604921146180025
-0.9010349261498429,1.0,1.0,16.398669241015845
1.0,-0.632301655088231,-0.006552289945354506,2.990300473119308
0.8278952306177243,0.37417487370477076,-0.17361111552773267,2.4996880599348024
-0.1918468315899804,-0.6852131105685284,1.0,-1.3621214647526567
-0.09535886523672898,0.7267659078965367,-0.05034196120267631,1.0360011981890402
1.0,-1.0,-1.0,-30.25744168710496
1.0,-1.0,-0.20491495847167895,-8.884107360331129
-0.2777294100736114,-0.09367011584171436,-1.0,-2.3940167351738832
0.24248053714477313,0.6672242128235715,-0.558334594241791,0.7790549266129534
-0.5448260905084936,-0.6431161189713273,1.0,1.0135613008357442
-1.0,0.12608906906029316,0.4353027751731997,-3.6882193159951178
-1.0,-1.0,1.0,21.154927556831982
0.4758442542267598,-1.0,0.411431999520137,-0.003917093573264155
-0.4891103722560288,0.2021160388772436,-0.3635197255475888,-1.2123445361695506
1.0,0.4778454009666,0.16202580618790363,7.2042968079739085
1.0,1.0,-1.0,39.32779240452982
0.0027083173733588595,0.9304584857453264,-0.6054434998836555,6.208645699109145
-0.5469280732326329,-0.6097542449405571,-0.15693714594579689,1.4748617003126878
-1.0,-0.07114214257969653,-0.27630706069111755,-3.5996820356586463
1.0,-1.0,-0.09985799617141122,-8.63548446040344
-0.7703527260030096,-0.7659403622178325,-0.7277962281124792,1.449030010838848
0.05398878448998379,0.3180662559746448,-0.4916429052926927,0.5549211415666218
-0.9903471037801084,0.3587527281739735,1.0,4.206100239222244
1.0,0.9658468860331775,0.8699080807646198,20.895182249048297
0.02059330816085847,-0.3735097086461645,-1.0,-4.666522418015008
0.8827132029317266,0.30356655132007315,0.29629070255729806,3.550715299918359
-0.4447834331986651,-0.03402030372495912,0.05165682346881573,0.08066997675938364
-0.14361341022363217,-0.8307002691517884,0.6070290857182337,0.12021458721810507
-1.0,0.3733009097456985,-0.9119932057670206,10.255444336742405
-0.003661273800297238,-1.0,0.023110857758332548,2.4213551670054123
0.12663571997477563,0.13859414990178176,-0.32859880850272405,0.866366027620539
-0.030390341806358467,-0.9731179403219348,-0.04602677261531807,2.2831640387042764
0.06120777232995778,0.25759816249189726,0.1776875827356652,1.1083044378604896
0.531767228573933,-0.012350805425789257,-0.4913844861873,1.4436777953962738
1.0,-0.09533326566117717,-0.3166870109980999,4.081579121011279
-1.0,-0.6250763789994118,0.04173318101784251,0.6079910870879739
-0.8472680770438659,0.9580788804620359,-0.6172935728227757,3.7578835419193446
-0.3497063332183987,0.335493684483426,-1.0,-2.777006927456887
-0.8193974226462433,0.158922720116363,-0.858910047814194,3.116128197259537
0.8586139955883181,-0.19332651907419307,1.0,2.8571677633416828
1.0,1.0,-0.9328825420499613,36.048031971935956
-1.0,-1.0,0.23526662406438725,9.499621612324423
-0.07840280502024655,-0.7240343915129841,0.8262995809061127,-0.29704731376335314
-0.7731629339686952,0.661726508141464,-0.28180231408279854,-2.382575120252073
-1.0,-0.15226576567079553,-0.28426716588704415,-2.596735446439435
-0.037603681597432326,1.0,1.0,13.147112920708237
-0.107610532990152,0.9325782025505889,0.6696131153103386,5.997595375683329
-1.0,0.06357004227580121,-0.07040969278836262,-4.612000265487399
1.0,-0.2081406248494304,0.012041055661357714,4.28532781761788
1.0,-0.5687637039349052,-1.0,0.3795673101861109
-1.0,-0.1997050626294432,0.2551946613186753,-3.006580908117893
0.793661310429409,-0.003429170220839106,-0.39768405826777764,1.5131182205488196
-0.21818480465565604,0.8682935383787453,-0.128051732024709,3.007300910794518
0.1578383477900962,-0.7320267404041396,0.1891251308563462,1.3730383742745906
-0.5761731338247462,0.7306029756288268,-0.7642270860177103,-2.3926046510548615
1.0,-0.5403161653023181,1.0,4.098026436584256
0.24687766359402952,-0.1975578323637739,0.011469119783524606,0.5222900416067656
-0.965126373102545,-0.7658408053648114,0.6614159443504688,6.97456236313621
-1.0,1.0,-1.0,21.782581181711368
0.26962544581799497,-0.8761543249550041,-0.4796103902769113,0.19168736810365372
-0.827481376209491,-1.0,0.9476544643439051,8.02725985177347
-1.0,-0.31343991873403554,1.0,6.583188968511041
1.0,-1.0,-0.7367231502764202,-14.883539802478705
0.5917844228493316,-0.7910931221231101,0.14486337852304287,0.4927241732949835
-0.26331868353811116,-0.36180189532162443,-0.4934171461610861,1.3002443047764622
0.8217415708066464,0.6779363687048234,0.8447745285989998,9.411809857107544
1.0,0.9160571025426263,0.5244337320471331,12.520624178271802
-1.0,0.1885772583070322,0.9317730647749836,0.19629908437203575
1.0,-0.37386752835720194,1.0,6.108949325134625
0.5708503247882724,-1.0,1.0,-7.016201945545272
-1.0,0.2520906805425278,-0.3991662511962091,-2.531083337616865
1.0,0.5739998884649584,-0.6374983598340098,6.687777660522974
-0.25511546885712644,0.6128100379098751,-0.7642341500364642,-1.3383297331285737
1.0,1.0,-1.0,38.9585502326094
-0.6934728523209541,0.6426767781564082,-0.05363168613324354,-1.9610497144320633
0.2550718846840667,1.0,0.2285838030792504,7.804816356875792
1.0,-0.8533568292277984,1.0,-2.995192137522701
0.2318949834536268,1.0,0.3405062587458412,7.558105814507483
-0.33560825334835775,-1.0,0.05495947826557046,3.0761653850625237
0.9101620145967566,-0.18808770819532072,-1.0,1.6805473826828978
-0.4923224592356781,0.7521481366226248,-0.3412215387505948,-0.5441105807306096
1.0,0.016063442581484955,-0.06035728391368611,4.1135334422199605
-0.14130011765027328,0.8030328748707463,-0.185288630425817,1.990141130465204
-0.7341751136053083,1.0,1.0,16.818621647918647
0.10795225636549666,-0.9300316797572199,0.3211612983584802,2.2885780957259225
1.0,0.887470827627636,0.7205752851967624,15.51155615525978
-0.6871258354700558,0.4942527237355465,-0.47005885644149736,-2.4296449519456984
-0.10843225899801001,-0.2857340264895565,1.0,-0.25110188371943776
1.0,-0.03331204136897736,-0.16687124406032683,5.180635960900491
-1.0,0.792103569207584,-1.0,20.21605619310276
-0.45794041936804053,-0.1799381035721288,0.009524446230942507,-0.21232585768296197
-1.0,0.15335940939682313,1.0,3.16370237778818
-0.16611661074335937,-1.0,-0.9470379630349983,-13.665560238397447
-0.983228346620469,-1.0,-1.0,2.463758858153129
0.29848416585192217,0.8333744901663398,-1.0,-2.523109868172016
1.0,0.08651918705809458,0.7963609023040412,9.903076457258514
-0.600958399465531,0.3833374350788403,1.0,3.07554148654232
0.16181597467881792,1.0,-0.5584102636540955,10.214191811392496
0.02784139979534439,1.0,0.9401396559293911,11.356721796181084
0.5111019303371331,0.4953705096485759,0.32100031183634137,1.340572128093225
-0.28334849401739404,1.0,-0.14795999506358815,7.794638172297851
-1.0,-0.41735118091288603,-0.14829378526897674,-1.6823275079958013
-0.02114931690018307,-0.7036798223956813,-0.8771516173957705,-3.296949704478636
-0.570882572471787,-1.0,-1.0,-10.80363427924606
0.003803881555331179,-0.47637963335144873,-0.2857205302518093,1.3821775578503641
-0.8629538707055657,-0.5991945572388109,0.06995265346764334,1.4933612067737487
-0.8417157249159744,1.0,-0.21548485390462546,6.101816859737751
-0.18948886424611167,-0.4628846689770203,0.2557189403736222,-0.24414639427914575
1.0,-0.41664587052149527,0.7110767430020128,5.316422753878184
0.19122320193723663,-0.021593489031245916,0.19423438846035923,1.3583520196863386
0.41400793820326065,-0.044715204093825234,0.7408242946154668,0.025873398168561434
-0.8681049169626212,-0.16533081638370106,-0.21597870668163432,-0.7919254480826393
0.011719201520040468,0.5145684010874603,0.826080947974211,1.6109690955981772
0.6501647653321498,0.050953479931606926,-0.7444126089847447,1.4840951185972842
-0.097796649986855,-1.0,0.9767883334362044,-5.477569734713909
0.02945683215620165,0.6278031809367537,0.1637251544900249,0.9179733952264516
-0.41415123372609086,0.32966927258906376,-0.009162547558813294,-0.4804682163269021
0.5048024844409358,-1.0,0.8520031649686182,-3.5352166268113643
0.200859529185478,-0.0076855391814216745,-0.6339841573000784,1.1098574782105328
0.728104467797478,0.9295172305884318,-0.2068683716733759,6.968698183559541
0.8760297341636707,0.8855482111789443,0.35778720095537464,6.222617557435938
-0.1199685617692563,0.9626916543909001,1.0,13.193956253572745
-0.08694159286863412,-0.8303978998886021,0.7898850223742364,0.6571339510128554
-0.6500275461861023,1.0,1.0,16.482251422424365
0.9592825770942697,-0.4891992461237631,-0.3390574250945324,3.050412737057344
0.36903066357416603,-0.5128182287942311,1.0,-3.727297655809675
0.6763666122963437,-0.5879965015172923,0.002988213596005318,1.0073344763068846
-0.5763844512804337,0.7349360494052957,-1.0,-2.890417319818639
-1.0,-0.5569077377443303,0.36648135530933534,0.3499645908486573
-1.0,1.0,1.0,16.421538213969036
0.7287646424721532,-0.03754022128960122,0.9900116373291865,2.7250174731530477
-0.03006379920011404,-0.14592773266538317,0.3770626171618803,0.7334682443076106
-1.0,-0.48152829031569944,1.0,8.26326519276589
-1.0,1.0,-0.2707440700482131,10.767097274333889
1.0,0.3157746869800049,-0.004026685328710977,6.2395446987322725
-0.8392426823133199,0.26895768568835976,0.9607040361055503,1.1178724171958332
-0.019377468169167633,0.30132121601493544,1.0,1.8976329638346046
-1.0,0.33977293723250956,1.0,4.381118123138454
1.0,1.0,0.6885027048652121,16.08537506960204
-1.0,-0.8768712903936844,0.4394543644472575,7.4777681288642
0.08589248014709283,0.794116103668272,-0.46686478649530705,2.158151535348625
0.7667021095888429,0.5276411051317638,-0.46706409038696495,1.8010274797355947
-0.9117006060513966,0.926673413810096,0.682316680735394,0.8744319467690056
-0.9361659568327456,-1.0,-0.1182602402506745,7.398992765184524
-1.0,0.5143393447138147,0.1887845213411603,-2.7829942903671103
-1.0,0.8001044215188646,0.10504001584347256,0.11200678719966903
-1.0,0.9415553169268003,0.03273890412066982,5.870432593243949
-0.899792705798617,-0.4219947352489224,-0.030240311995346714,-0.5730820061380665
-1.0,-0.7783865047923584,-0.4503976370241507,2.6824227429752425
1.0,0.8965389720522989,0.12391446274149764,11.05992334509062
-1.0,-0.7376615531131914,0.41018792723475195,4.393024706641024
-1.0,0.9225696580311373,-0.6369249208330121,9.509112137441596
0.19942259867399748,-0.4666232818850502,0.45047419004386335,0.3261455220431379
-0.2192713996437119,-0.5837881339924003,-0.02884164940760736,0.2240115436148511
0.5455614061636973,1.0,0.3258232073141223,7.151838122041552
0.08142121150527437,-0.8533604628661209,-0.7122775846606242,-0.9899491100770098
0.26628114350282606,0.06541978111564384,-0.41079301094357,1.3299061979852957
0.27863137193920373,0.2388087119941198,0.2562204094599658,0.514150755591722
-1.0,-0.1463841936860053,0.6261710168419525,-2.1786472040580405
-0.22286773671111137,-0.5317305240355064,0.10828325153013019,0.46058388715676407
-0.638155165377273,0.7919301364003388,-0.7136866503566635,-1.4129641706184441
-0.9384277088856645,0.28806437724040634,-0.7573532316735165,2.620175931029631
-1.0,0.874360978455827,0.11273811602581318,1.9479019800135569
0.5231220661865079,-0.8028459312327607,-1.0,-12.194406462843023
-0.9736173408108866,0.5073177498843695,0.6089778638762007,-4.154945528076843
-0.7419630543020439,-0.5392956226839767,0.18947791811955095,1.4605315460158004
-0.1177951550080032,-0.10040765771794646,-0.19554776360093795,0.5425850780873333
-0.5001338406258518,1.0,0.3425026908889237,6.235133404196651
-1.0,-0.7567004043119092,-0.042394242268823046,2.5374233785698688
0.12236861937302113,0.16998925522822605,-1.0,-2.662318720720565
0.3765047296259576,-0.43141663408564135,1.0,-2.66492716111399
-1.0,-0.7198754136142487,-0.71117429159935,2.2870574761482967
-1.0,-0.07693502721988921,-1.0,9.786264850523422
-0.908884861180216,-0.7901482393770254,0.08153954497884652,2.9884886535260202
0.3824037628392922,-0.8403993143924497,-0.6670788645869166,-1.5531548435325757
-0.3371420999735315,-1.0,0.06670062531370968,2.669358648043529
0.3904219167184797,0.40055287099505854,-1.0,-3.038805095588198
-1.0,0.38061167706679333,-1.0,16.11724270419947
0.04984965538250874,-0.09460646291477115,1.0,-0.5020606416030498
0.6604772159466534,0.22806894885427176,-0.23549223202496083,2.437739085252788
0.3741918558282682,0.5174636945568547,0.9238349676310655,2.686704753826258
-0.5411137275825644,-0.4516554023203896,0.30159052766481764,0.5523777249595804
0.3526731495473183,0.20371136990071137,-1.0,-2.4675770452560797
0.3560187073787964,0.05960152859883716,0.4382458935394258,1.2589218043885615
1.0,0.01352766708351294,0.46277787567983486,6.436230134181015
-0.3057895399092274,-1.0,-0.7972808314818212,-5.753980385411617
0.5110729891963215,-0.6728338489365329,1.0,-3.6912949438577387
0.38650763967682655,-0.9292800168167237,0.0038632098827713346,1.1881460769936578
-1.0,-0.10333566506701364,0.10198343033666046,-4.797391006867329
0.10109498347629264,0.6126778995505966,-1.0,-3.8699629571186236
-0.9721883515675349,0.06035277795456717,0.5024041703337163,-3.303171308918814
-0.19388888994048004,-1.0,-0.027039616938738797,2.144503022848246
-0.6801579314959765,1.0,1.0,16.05236820527359
-0.7420306555351834,0.029038768865187414,-1.0,3.425175835767628
0.8351809471012368,0.4400681738975736,-0.5030473605575358,1.701770070045551
-0.09151983025891441,0.3724185955964794,1.0,2.54319453441722
0.338034552890528,1.0,-0.9463374192195344,8.514620909310002
0.961937573681007,-0.07858649795946415,-0.3951744333851066,3.443053508414652
-0.906849636566387,0.4014966217845364,1.0,3.9476185917314703
-0.987893833596164,0.7595975603635283,-0.19548105438161478,1.3172221195619693
-0.5969189520003431,1.0,-0.6848584888820941,3.5791299388169775
1.0,1.0,-0.1665347200284959,15.60302429444153
-0.4196908027946893,-0.44762779594653823,-0.8916694401130101,-0.4263489660633193
1.0,-0.12397151904953074,1.0,9.940031482420471
-0.7546126958044475,-0.6811090584406154,0.9276922285482205,4.03770396990252
1.0,0.6555766707068573,1.0,25.533099451340444
0.6487886000895389,-0.30771270152351393,0.43317495023868235,0.785709067521154
-1.0,-0.5960180106576798,0.4409653735031598,1.9204883578885028
0.8196891102847677,1.0,0.04020278306190628,9.153968207707582
-0.4984352591187091,-0.21044412014876412,1.0,1.2205580876490236
-0.8253860313308956,-0.010315610652865681,0.3070140277053357,-1.5957929000550661
-0.2688933673046543,0.8940126190917483,-0.7384211921904131,2.6698542549363933
0.06588347253336391,-0.31896356389334635,0.24246368951321373,0.7707094094517204
0.8959314773323768,0.3210537710154455,-0.42445416649355705,2.5284408419735582
-0.24894894885624108,0.9753478256345955,-0.9940177739138616,1.2923228121214858
1.0,0.6430049049534925,1.0,24.804335944747855
-0.7882622590065582,-0.9282590279097602,0.8760649632341846,6.397094272178842
0.8622006244741247,-0.6591851950138048,-1.0,-7.085598657365687
0.25148000074789634,0.9463353344974246,-0.607042391182328,7.886178839536399
1.0,0.6003153049543968,0.8726271763310935,18.3972753455734
0.10232094320369067,-0.022325106330862043,-1.0,-3.3842736890942113
0.36334497847670777,0.4508194888526742,0.5620909864700996,1.0962428831581603
0.43981452924486786,1.0,-0.6123535160586131,11.881479691899445
-0.7194116192152917,1.0,0.34793557701725275,4.083478657281894
0.5822907300742943,0.14372532650125014,-0.4674811690845704,2.187164032097254
-1.0,0.06606640817309062,-0.9376130891061905,7.872690779388542
-1.0,-0.6270049352831628,-1.0,4.862240541428372
1.0,-0.5145244537948712,-0.10544201443426049,4.770376979226628
1.0,-0.5685348636595289,1.0,3.836258477448573
0.41608474343799107,1.0,0.6087053601362955,7.2682413786309015
-0.8229683442110656,-1.0,-0.4451499455206147,4.708218800483924
1.0,0.11820228106455821,-0.03839421294778966,5.003323850798641
-1.0,0.7663553808187835,-0.25303282466827426,2.643763062599218
1.0,0.659171467778721,0.1543895112738174,7.620301517644942
-0.2968170133335162,0.6453445878487605,-0.9663963918710929,-3.152961418157412
-0.14403893533583334,1.0,-0.5113467012213759,9.424616917077053
-0.13424968388256198,-0.2183693511919098,0.3569910597669428,0.8029542514126535
-0.7438746353155901,0.14121261453190015,-0.524253083344973,-0.3545670592006349
0.6904297072118379,0.213552461971926,-0.7090302503412746,1.3188312656891097
0.09790628174497096,-0.8448381099848963,-1.0,-11.77613040359652
-1.0,-0.9374232571641701,-0.5672412145177055,4.1516618360914945
-0.40503667503805785,0.0022976264932041968,-1.0,-1.5372240964819555
0.40037160407092953,-0.11875599403659165,0.972265031641274,-1.602212601680395
1.0,-0.027934007399307736,1.0,12.544457232707485
-0.7457870536282944,0.5511356514626042,-0.2586921733292269,-3.2659419479719327
-0.5436219467521155,0.09508001605896776,0.07082267301068734,-0.9231615868541736
0.04957869943391202,-0.20819908343344662,0.21849189149599257,1.256117367025377
0.10229570038822544,-1.0,-0.5406393228557955,-0.5740873261736887
-0.135245945831318,1.0,1.0,14.849007561928728
1.0,0.41104759067818675,-1.0,12.191895291654205
-0.6857864741029136,-0.650744121614659,-1.0,-0.778977588555497
0.6797729330929523,-0.5715559543889077,-1.0,-6.314456376306092
-0.2385495282325545,-0.10764281664665831,-0.7208543977081545,0.08609239981369401
0.5506300820169017,-0.6189938988869181,-1.0,-7.657870791673324
-0.1510900924012315,0.9427558299522567,1.0,12.527389985660678
1.0,-0.19699071889723063,-1.0,6.258461840780173
-0.15823643754729755,0.9758493217862123,1.0,13.362617757713911
-0.12359762999394097,0.22883164962304847,-1.0,-3.1372850306758076
0.4252924771472961,-1.0,0.7451004000545569,-1.9685467570766915
-0.019204951331297293,0.062393246902704425,-0.23009086620911967,0.3169662120783333
-1.0,-0.005555505995872956,-0.02864327758782581,-4.494515447059472
-0.754612269023315,1.0,1.0,16.352467354823144
-0.3076518784724771,-0.6612627995842721,1.0,-1.3067818083277265
1.0,-1.0,0.7614747277372018,-5.92756151299396
-0.02011512070880883,1.0,0.2529939433799937,7.143131362692854
-0.87340050088934,-0.18018397478871329,-1.0,6.106152812672971
-0.3632886311689303,0.8471876347528131,-0.7053191958204967,0.5533230462254619
-1.0,1.0,1.0,17.541670346932037
-0.8668248587808485,-0.621629036687158,-0.21854785535305155,1.729745446999836
1.0,-0.42235931175396346,-1.0,3.0834502622265334
-0.04472677514083734,-0.1243359428935853,1.0,-0.19519129519579775
0.10614092481591308,-1.0,0.08996856977261714,2.753593915956931
0.8750523050572396,-0.2921904314132384,0.08176685782794091,2.8134037323622962
0.07548271331703504,-0.7876062389556127,1.0,-3.4244120490154097
-1.0,1.0,0.904750680132693,8.783762793765892
-0.9809609415926221,0.7872277921961253,-0.5187331494459693,4.059845376866153
-0.03759299763602009,0.21410079187625564,0.7672838741283277,-0.11276219128179027
0.07291634137338576,-1.0,-1.0,-17.416299872576086
-0.576997329686004,-0.9975593847706798,-0.9686676740796145,-8.404769560181222
0.9349761639250982,0.2029027004124806,1.0,12.460217859682778
-0.6536889861832322,-1.0,1.0,0.35117831773138675
0.266357485120275,-0.293430123429381,0.2852903330397576,1.3650620262892343
-0.24001949477055673,0.5958764830095993,0.48038561150621994,0.716605074497825
0.6862751525108113,0.6177247085379334,0.37652893623404493,2.994089068235442
-0.4909861921981611,-1.0,-0.20952649788030597,4.461351460571136
1.0,0.5298427249921744,0.6300453695429955,10.408007764413457
-0.3800081806422131,-0.20483661974791145,0.9034259874537514,0.5570443748818368
0.8567302864413544,-1.0,0.4012538425742076,-4.001821199137703
-0.15472478926751587,0.7208015363506008,0.36993499049980283,0.5015963352585104
-1.0,-0.6273818094596482,0.4638786326216482,2.342604328490067
0.6376210349794091,-1.0,0.15263147711083325,-1.3814631978978134
1.0,-1.0,1.0,-10.067073564506542
-1.0,0.7564862939912238,-0.7681553892979396,9.276898271894414
-1.0,-0.03835354285336856,-1.0,10.18852455947618
1.0,-0.48839118679407667,0.6742775673303754,4.803962602320959
1.0,0.656752959610269,-0.18491641872346465,6.395050711162918
0.2586805876180127,1.0,0.09309003220676071,7.435075045039332
0.288840907356942,-0.35755050032448654,-0.7598648621241226,0.07662479608320075
0.565487976463495,0.3381188308015235,1.0,2.395373730293156
-0.6701552039791312,-0.8925696612427787,0.36722572770825823,3.934255536065968
-0.2590596156734082,-1.0,0.9525897825878753,-4.799952645195213
-0.41655313319552634,1.0,-0.5919973644941836,5.452069410008953
0.8981571903452115,0.8847203397687706,-0.09954555857822123,7.109630110760981
-1.0,0.08838951039262022,-1.0,12.371552187328124
-0.037508876618180365,-1.0,-0.26024688203794333,1.984133763640934
-0.6794994336826257,0.18951706907573618,0.6162122084540109,-1.9371182088221808
1.0,1.0,0.32579190572474315,13.24277653673178
-0.25966010310858123,0.2278687677974751,0.11666409445892256,0.38989627387897363
-0.10971021657900959,-0.508280096077018,-0.43566476698280243,0.8307658807124575
-0.15790850665691236,0.5622348205992653,-0.45244132706280626,-0.946085172301766
-0.6890264284452452,0.7492000654151412,-1.0,-1.6566160977575861
-1.0,0.31670377481723677,-0.3991045905871271,-2.198477083353139
0.04471192595342166,-0.3001904755537128,-0.7372719927249753,0.6881333362874127
-0.23508949759965092,1.0,0.49843233830549516,7.31387021903274
0.5051035941761963,1.0,-0.21366173453400994,9.207440532250487
-0.6917085407604731,0.32117823280367563,0.8381264705474936,-0.06733906065897832
1.0,0.2906382201910127,0.632560035448674,9.351658644980883
-1.0,0.6036401525648993,-0.2105829077518968,-0.9066583109307453
1.0,-0.12061243117293907,0.309265245747091,5.33630014879001
1.0,-0.224671451266093,0.2903394227686946,4.1175425800445105
1.0,0.8822574054997478,0.9456936910800982,24.5445328458145
-0.7360902970643779,1.0,-1.0,1.720008369063426
-0.6695235707281502,0.03058443315501158,0.5562591974774813,-1.3554744584732898
-0.6310715913339464,1.0,-0.5119673643054443,5.288025058199841
1.0,-1.0,-1.0,-29.92231521315395
0.6008120567041288,0.6577885167927326,0.3328922171771256,1.9141186999733144
-1.0,0.8098913303914179,-0.08536018213773944,2.0999734207530207
-1.0,0.9198884619978338,-1.0,20.91066200821302
0.18338217293862935,0.5832520030978647,0.1057118945285076,0.25522231360342784
-0.30433890565529254,-0.2832885356960697,-1.0,-2.5689409130533067
-0.7331473085270663,-1.0,-1.0,-5.451173249209578
0.9182112776285982,0.05510984550926645,0.4733921129436309,5.372461414222301
-0.20539817590586584,-0.4674258931584525,0.8759821351738579,-0.1281429732482615
0.514851538650138,-0.916515372409402,1.0,-5.802126069582494
0.16613225647198915,-0.6836555822430839,-0.2840017794789389,1.9722993217453408
1.0,-0.5385122801341282,-0.27260448981172947,3.17026633947095
0.24946873017588578,0.35322141956771147,-0.41632063889134097,0.5339609980157926
0.614030171452403,0.45447687205487464,-0.9270747427602262,-0.47554190175900185
0.10862610818848739,-0.052235027136682044,0.4788805202168336,0.5672675397756537
-0.38216250821293984,-0.7414000417026039,0.926955881326327,0.137172620760962
0.3904695434167218,0.9691846089135954,-1.0,4.078786177504895
0.6826438990005155,1.0,-0.43495998244404754,11.904535510979748
0.009165607834863865,-0.29093530341157026,0.44997856913995093,0.13815390907899455
1.0,0.0028239584049596367,-0.15985900611952397,4.3959796206657265
-0.6382547121082969,0.10469652068087298,-0.46245135229669465,-0.515818758451691
0.15068150201256159,0.04214090398127901,0.268731582466049,0.6002643971077707
1.0,-0.33514914306892063,-0.7124378051953091,6.251280957239684
0.9478763405605692,0.7830319310901446,0.034753465251913696,6.65636042610397
-0.2014255850408706,1.0,1.0,15.129728518273925
0.10372640270356803,0.011672535204122703,-0.26512987666483956,1.7095287538527013
0.08942256788008218,-1.0,-0.026161139136807954,2.5636815278295235
1.0,-0.07731476685523386,0.9234789425591992,10.107040932516936
0.3429327200854828,-1.0,-0.30828272999475015,-0.0880690589826183
0.538447555658143,-0.21108976695391712,-0.588280502166272,1.3859418137671444
0.4217096178302633,-0.9573568364137666,-0.3359966291318026,0.47254733235350926
0.03364796783563384,-1.0,0.4246143192205849,1.3883666459519617
-1.0,0.48570999374714297,-0.831622500644996,8.156457273645913
-0.37351659319005814,-0.6530204326295523,-0.08308060411181839,1.535604998805206
-0.3481218101921735,-0.29519050934437274,0.3849466854206336,-0.1636744558689917
0.2565290936812781,1.0,0.20391760229128297,7.596901428288032
-0.05856059049837903,0.9044310038534347,-1.0,-0.8479848154639547
-1.0,0.5923775420214481,-1.0,18.535256023968856
-0.525190872109135,-0.29676257384477567,-0.9112593873180994,-0.0745169293715535
0.7435657449154165,-1.0,-0.8366127130044252,-15.597340636230955
0.44704911623635013,1.0,-1.0,6.742723156734173
-1.0,-0.0013838001691324209,1.0,4.548675206757946
0.31632897233037127,-1.0,-0.6379615965041545,-3.185550714162149
0.1623697103690307,-0.7157243073159532,-1.0,-9.116290430278546
-0.9589914914630042,0.265575760705262,1.0,3.6069670221282313
1.0,-0.12003877741316682,-1.0,6.944998159143875
0.38780272066400423,-1.0,0.6327750160449008,-0.957546437993505
0.47106534772916553,0.20939083113750545,1.0,0.9996432721270563
1.0,-1.0,0.1132331516281393,-7.977154465827895
-0.3187689508826461,0.3729599951130236,-0.5958265223856938,-1.219874725487455
-0.12367586229885941,1.0,0.7763800461358978,10.83217129836045
-0.2099832220302369,-0.5103658245676521,-0.48157516952978185,1.49351856171103
0.3328952263153233,0.9250035053717536,0.003396474200774602,5.6510780674229615
-0.37733281818390974,0.16299246263668388,1.0,1.4321529868982499
0.10587041849529077,0.6023520277316012,1.0,5.02162830031082
0.6845816121950725,0.06312616188077325,0.5238092961709035,1.8484945872352918
-0.7585816311135338,1.0,-1.0,2.73000851377713
-0.6313739448012075,0.444846219173735,0.3585657065208778,-1.6608102798175273
-0.446060635194492,0.023726883624522577,0.5389339092920049,-0.8400803276391576
-1.0,-0.40793908544117685,-0.029335297308076713,-2.2285955403613373
-0.711675990598402,-0.9094560242671503,0.5804427673632695,3.605447972874874
0.2887440282714928,1.0,-0.17592549542936897,9.283847172512491
-1.0,0.2993321248866134,-0.817175525922611,5.177893266811752
-0.03763483827288594,0.1419323418512919,-1.0,-3.2499573105083424
-0.2863077392973281,-1.0,-1.0,-14.847645625189246
0.4918404747919831,1.0,-0.4460948178657209,10.5435253073092
0.8499000891942237,0.2147539761486661,-0.6296307783885824,2.9481379561754895
0.024273155090808185,-1.0,-1.0,-17.171089555638687
-0.6156900960770395,0.7636940892365063,-1.0,-3.3179398375358726
1.0,0.3085270595303742,-0.25275908029398986,5.196675645617864
0.17508130409427358,0.21801068212733932,-0.19111782744130545,0.43865160350915117
-1.0,-0.49597149886584657,-0.309969349212158,-1.770628135273623
-0.6988860403993917,0.1392492887680412,-0.8782813370082434,1.1028029225458893
0.2769130046464763,1.0,0.27122337247707184,7.177583847019585
1.0,-1.0,0.11824961419266433,-8.074502867422709
0.6451061071610704,0.11618048087848076,-0.42387960417690906,2.0375203943706457
1.0,-1.0,0.22655469161711617,-7.087235625019934
0.9130926174558143,0.31813547765331496,1.0,13.749764969796738
-0.2801948798915339,-0.3477504864664174,-0.19891042144091697,1.0600782772887176
0.41004960548896463,1.0,0.9419292100282484,8.948674449163093
-0.8717162240303555,0.47789078997796275,0.46592078631863654,-2.5290992012085907
0.13079757299479788,-0.031401363014548433,-0.09142668829763978,1.3549595729870432
-0.5391363497053543,-1.0,-1.0,-10.366283675034754
-0.12793121659886442,-0.5966068041927051,-1.0,-6.465422682736068
1.0,-0.9616666127052844,0.07307523394282733,-5.711999895822485
-0.5880957802827136,-0.02575799564015213,0.8875784142547332,0.2572778500847176
0.23325712760394657,-0.15611333475034717,0.7461822397988438,-0.5569675266597308
0.34205160378359745,-1.0,1.0,-6.39723733441266
-1.0,-0.8365374537059733,-0.07663001565784056,3.832668816213239
0.8043556304815198,0.8725542617594391,-0.31053024615690683,5.253357391563034
1.0,0.56630665575594,-1.0,13.58497977729391
-0.16661607359261987,-0.1225358269275918,0.10426170468326479,0.4778041824744951
0.3697704986412913,-1.0,0.8009932407263121,-2.7353577205479818
0.014581487828308815,-0.9448892705802909,1.0,-5.082427371593787
-0.9723239565035298,0.7435000881836304,-0.6586610251223444,4.467084792694591
-0.02485947515579623,-0.6839289984174197,0.42800828895859144,0.8323041554940258
0.17738534106328396,-0.3131672776868055,-0.45361001480941265,1.1057119471380958
0.19860400919475873,-1.0,0.49775321704783404,1.923805439948869
-0.5367301960122828,0.7493191350902946,0.33167515844008677,-0.9051207655792264
-0.8753161335676918,-0.8238682851600376,-0.9836587797078618,1.4048729670157285
0.4500121094812204,0.06676951443551848,1.0,-0.04467042198552075
-0.3625113363024959,-0.014901839888730617,0.05824166996540181,0.9551426093128828
-1.0,0.7969889384162567,-1.0,19.627087295186122
-0.1742469971986531,0.6223263955606755,0.9374906750039214,3.882500323487654
1.0,1.0,0.5956179329530666,16.01878175708984
0.021956680919668514,0.5419645458683076,-0.09023568294041917,1.3018438603235007
-0.12240696816579666,0.2527886781010975,0.2696403265357137,-0.46120084617766044
-1.0,-1.0,-0.5190002214927993,5.246595482381477
-0.7736575633015337,1.0,0.8788255661802007,8.139284130829846
-0.10182654261194934,-0.7714725774151654,-0.08819413690643607,1.8727545559671426
0.015109169728099614,0.6209884387288864,-0.3714061779056492,0.588054423331591
-0.6148649299689792,-0.8400997183830863,-1.0,-4.330198945291931
1.0,-1.0,-0.36382728676654197,-9.763302996392204
0.7162416667084119,0.4611277745728173,-0.6263991661496693,1.1183116726712354
0.48271596054020827,0.33155288051261356,0.25261047634979006,0.6088123655282366
-0.3156397292220734,-0.3335449634872003,-0.45531180676449434,0.9132320040440363
-0.10033295324776503,0.7156213913189851,-0.5553784222474158,0.11467280618306858
-1.0,1.0,1.0,18.046060900177494
-0.9586071738261706,-1.0,0.18867643755708374,8.327244043768719
1.0,0.21356654931187413,-0.046533511537732775,5.279672083685033
-0.14957310091187104,-0.6499400803539526,1.0,-2.1075483982835705
-0.7344782223048303,-0.2776389926195959,-0.25718533933016463,0.03808522838451249
0.9360714711510019,-0.20455393971932478,0.14454289144799826,3.3732089553042863
0.5402735948668036,-0.05637402439453476,1.0,-0.22155045206800839
1.0,0.053603300845193935,-0.41273990042117026,4.804562110475384
-0.7707154941581407,-0.4230163274752312,-0.5580589787871499,1.0204911798209382
-0.2616245235590273,-1.0,-1.0,-15.274705654061746
0.052824656969922223,-0.30447159071771246,-1.0,-4.752504902964427
-0.11889356683725283,-0.22852965160770267,-0.4011112297136914,1.469778488343168
-0.09404366395808772,-0.8736079417616709,-0.1269850682699536,2.2025061213998836
0.26763478199589974,1.0,0.5113670742667018,7.778337634941259
-0.15782752816901335,0.033919517912870845,-0.6767245442882637,0.034380284550092566
-0.864178091320086,-0.3132808954751556,0.8849097488784179,2.133489101487712
-0.2078649579073759,0.07438512644946238,0.38242297857819163,0.0619185701589189
0.2954391034082726,-1.0,-0.16241040325123435,1.8114454392901123
0.26539627961259926,0.21635617222837333,0.9628815074078132,0.8020742748404218
-0.41184555719846205,0.5033965919738919,0.43945965381358576,0.1698382788006132
0.08267507772623195,0.445846566158699,-1.0,-3.7984928764964785
0.3834289977721339,-0.8091564380560041,0.18744136872733996,1.61808682123233
-0.16497188463126577,0.7631621738567229,-0.5180368759212859,1.363151275786176
-1.0,-0.6586046884379013,-0.5254619664910152,1.537706291930915
0.17922845275027055,0.5295944057189834,0.7106505776235483,1.2331058793498757
-1.0,0.7569033502212883,0.26567874618404663,-2.0635407213868526
0.4380677138748419,-0.25286899088212844,0.6500767112059112,0.8974116884121695
0.7844441059386789,-0.7373258553771371,-1.0,-10.05185182564625
-0.09297898754768519,-1.0,-0.6973949450840464,-3.0591901094176723
0.3381224336676023,0.7065255289100407,1.0,5.328386364226522
0.30749264279457855,-0.5171595832461824,0.2609917865872149,1.9444940438304563
-1.0,0.7208870914927372,-1.0,19.776636147045284
1.0,-0.6896394132225288,0.7120623798610184,3.821867084846122
-0.25144264956321805,-0.7240807361894739,-0.10166342800483807,1.7101963530767759
-0.014410953744360189,0.0618169659728518,0.054052851045538475,-0.04254188310586493
-0.024307955718757768,-0.7588880780410581,-0.6870038210396323,-0.8758555425136549
-0.8968888209231423,0.6838707548236818,-0.08262342245918708,-2.1283789507961313
-1.0,-0.08417200252055146,0.46531379010583396,-2.779251133209346
0.597542719887536,-0.26424154304568437,-1.0,-3.3879481772129516
-1.0,-0.8311926975245922,-0.18966379467198058,4.711261842625362
-1.0,0.6277556329009937,0.8374403090591873,-0.12584227717108398
0.37598045480202824,-0.7628089591233287,0.41903884902853306,1.2307343276334697
0.23194586771696124,-0.8137818154252889,-0.11925524991852376,2.063820025772213
-0.03313191610377597,-1.0,-1.0,-16.5114744914738
-0.9828344923656913,0.28367431354406003,-0.05988819383337729,-3.6579625160311457
-0.008311540108018933,-0.10929514428744658,-0.49844824027919543,0.5242292721557691
1.0,-0.4090000013151285,-0.3606832078941611,4.2895389276174996
0.22754782641587723,1.0,-0.8299221224550146,9.457172907945735
0.24493195167720772,-0.3568141196263275,-1.0,-4.509542353123117
-1.0,-0.22325837260743242,0.7409205152094116,-0.5948685824818216
0.11405994066671798,0.7610692631274156,-1.0,-3.1012757648262217
0.5887032140185435,0.7358420265185506,0.7899239939172067,4.624752930970776
0.643141587665423,0.7901516520082028,-1.0,0.12359780394156704
-0.8676524801229346,-0.2736203941113591,-0.40993698555185776,-0.575344079277835
0.7984545250962913,1.0,-1.0,16.5721935606217
0.34703260394676194,-0.0723050614597851,0.6087989991277705,1.5009645915518388
-0.2200055884114589,-0.1287759867489715,1.0,0.7398040778966086
0.9051468528829651,0.43357501698675205,-0.8147922818872597,4.934207722698827
-0.18505590037283204,-0.9696481020291408,0.14156049336418808,2.806381583838222
-0.44458033834270627,-1.0,0.7781248129720126,0.9464224429964666
1.0,1.0,1.0,25.716252944960416
0.595013243277636,1.0,-0.5401833669254819,11.66980016415533
-0.08038614041938108,-0.17278216494735754,-0.6460278732480533,0.9554818141433101
-1.0,0.2854854025229656,0.15076211728434874,-4.212066361506222
0.743895901254253,-0.3379489003332352,1.0,-1.111185967185946
0.14683727428628957,0.583689740330831,-0.7984938393061722,-0.16347165852382242
0.37424159767387466,0.6447127524092382,1.0,5.1451458294550285
-1.0,0.4732322338551065,0.8122262884305012,-2.05899829425909
0.2556617198556872,-1.0,-0.03948957570501177,1.5543320868817687
0.6764816099612037,0.3558261688377302,0.03143738037519195,1.4706769773515063
-0.21341107938839698,-0.6134600809183719,0.5135254543699135,-0.2890942180534911
-1.0,-0.037450459958008775,0.4940127513840684,-3.711689541813971
-0.8818971427286406,-0.9253570490532719,-0.1419071941633714,5.974598076080141
-0.52879186926498,-0.4837279355169395,-1.0,-1.7951147037536646
0.30722799670016165,-1.0,-0.9661902645941893,-16.522101253476535
-0.7307400059603995,-0.4791592034369354,-0.4564680186056522,1.1775205653334275
-0.6378998243071567,0.18078819573324756,-1.0,0.28327580017394316
-1.0,-0.22606035350562337,0.49022563407747577,-1.8145915645602877
-0.6686948828501067,0.9471860354590129,-0.8214934098039652,0.02949061316629714
-1.0,1.0,-0.31770980372379953,10.535512042566669
-0.06355359614583511,-0.09526082555540749,0.568269585152051,0.4257498964758826
1.0,0.5484490567390918,1.0,23.32210034055101
-0.6425584926611945,0.6418103843167018,-0.02262638666738237,-2.0770074467089454
0.6045079861468776,1.0,-0.7756903458531321,13.192818300870169
-1.0,-0.946151688939322,1.0,20.93088459373214
-0.241989514813316,1.0,0.25491654320410606,7.016531012429284
-1.0,0.09950694435424268,-0.01158535545572259,-5.052692502024772
-1.0,-0.7360471135467173,-0.4086898218518995,1.3582116738202261
-1.0,0.14906201257146612,0.36571514417838324,-4.489600202352473
-0.35230255480192696,-0.06520337180245384,-0.6321436183899545,0.4298854844714649
1.0,0.8490740295475108,-1.0,22.629038687952253
1.0,0.6220896903959583,0.8500851290839,17.448378477263052
0.29230854912901116,-1.0,-0.34718115901479507,0.31194054952068273
1.0,-1.0,-0.075527100797115,-8.078535924923615
-0.16026824031381848,1.0,-0.05034505541450396,7.181611121356741
-0.12080849359684565,0.2806437102436765,-0.39880905683319945,0.9838185414690809
0.009889429734983413,1.0,0.3657628660266903,7.649559500255231
-0.9975846252498666,0.26326602378153163,0.4757813692810893,-4.0738701984379535
-1.0,0.3823181422697719,-0.9830528792981699,14.798535200626214
-0.8602902689282024,-0.36245307230312585,0.19654638014928438,-0.09258455041102476
-0.4886317922734489,0.5623087449822848,-1.0,-3.5360915839329357
-0.7089517050579706,-0.06826279275941904,-1.0,3.32015737670468
1.0,0.4464742157194803,0.07094894930331486,6.712675536383537
-0.12295888658797938,-0.6466217260605125,0.6350680226558842,0.4359870227776378
-1.0,0.8628443681225575,0.21065365985204987,0.3729564191452789
-1.0,1.0,0.5282074210055814,1.3411734035607301
-0.5407834912262146,-1.0,0.36245067366570316,3.2830154803131544
-0.12369279517651899,-0.42326040336932325,0.3742870421719926,0.33093936992581174
0.11728093522730121,-0.5806422032232672,-0.42168219657414663,1.6743675152927786
0.0709314302280648,0.3173505270318422,-0.6553364140747338,-0.049158244084894664
-1.0,-0.362274821221948,-0.6745074941503313,-0.07194251439524085
1.0,1.0,0.9852555938690128,24.95463463711823
0.02149249692823907,-0.7409120628406929,-1.0,-8.484751286648352
-0.7236498468662218,-1.0,0.6670001483285877,6.041957768233476
-1.0,-0.2481961576052394,-0.801412440861399,0.6909820254317707
0.6440067493420976,-0.14325239802808754,0.28052462961201496,1.200048245731171
0.27325394897232536,-0.1580544287359058,-0.8682446313426273,-1.1310690632795877
0.44049236542971393,-0.6066071107047453,-0.03665973930107924,1.4088818337736564
-0.6459817173205329,0.5695998809489053,0.32382777045704536,-2.3758111862050506
-1.0,-0.9422775245376451,-0.055775633583490025,6.249503755142972
-0.3368720158140557,-0.08866028258823344,1.0,1.1199005154112338
-0.3008172984090909,-1.0,1.0,-5.742147641833753
0.004040392972006979,-0.7928906708290193,-0.10038778405161342,2.3633723017387815
0.01071023724602882,0.3201024860729509,0.7578216259071415,-0.14059919794580555
0.4801411587490443,-0.7595183208432534,0.670022841485576,-0.12245828586873737
0.8951023330162844,-0.6510646549392762,1.0,-1.1737777892381343
0.22107929050378328,0.27677211965044335,-0.17269535730145336,0.7409467166607482
0.10007903134314922,0.4308551391352371,-1.0,-4.5291007377618095
-0.9162372725038666,-0.14786685872303051,-0.6252393851751594,0.6704704037279309
0.2722614998883812,-0.5149826471563803,0.9266222617669593,-1.7602294117663746
-0.4070928535462566,-0.19733297584952547,0.3755015436061402,0.02976305317908045
1.0,-0.8945455072159929,-0.43713371044075067,-2.038414329588394
-0.5468003026118737,-0.13286876751674281,-1.0,-0.42079080621602816
1.0,1.0,-0.25705256114237174,15.901322594155415
-1.0,0.9704100106837104,-1.0,20.58359626899236
-0.48698048890952683,-0.44305571545243705,-0.09949428217574274,0.9538287781635263
0.2212390407232534,0.6572024787801094,0.7604538637790403,3.3818647970673856
0.39495992307715944,-1.0,-1.0,-21.11753655772849
0.5910300368520294,0.8528743602171271,0.026445477502061276,3.49531267750503
-0.034034098389087664,1.0,0.17397315323143725,7.4220594990443
-0.9504438324403917,0.5719421217520082,-0.23041722978158075,-1.8864219365429913
-0.4442138326453293,0.2605730991134563,0.302122933302867,-0.49716666381892105
0.14984428851538323,0.35793658211732726,-0.36123496339730377,0.9300728046948401
-0.3288219816282911,-0.3363723201130868,-0.33906330850043265,1.5167383380142958
-0.07124780333811964,0.6770800364417338,0.8475654070068441,2.843894494044341
0.8510663199735333,1.0,-1.0,20.467338579039897
0.5904108036309068,0.6234782270309966,1.0,6.510057309778601
1.0,-0.5760878069124835,-1.0,-0.43551813312444254
1.0,0.007604254635618757,0.06255072652486904,4.841044446156233
-0.42632730545447717,-1.0,-0.059856750924210056,3.5029913999108215
-1.0,-1.0,0.03964891772522705,7.75057786766121
-0.018314333764315238,-0.548522113431698,-0.2829282821407846,0.883859131737218
0.35335591445069214,-0.47724771929491205,-1.0,-5.9043987234109085
0.006656616944790361,0.05758601395505325,0.38050372820672274,0.036193663682553
0.6416618356271444,-0.6105413676168834,0.7362872819476822,0.06637199025784182
0.6302023928859006,-1.0,0.22174356248972527,-1.574072123284889
-0.8021098322845814,-0.5409946522388598,-1.0,2.5552251624206717
1.0,-1.0,1.0,-9.055928537601456
0.4339934448309313,0.8289501822311935,-1.0,-1.2000116329429802
-1.0,-0.03225599645254751,-0.609174361624341,-1.1863107962018669
-0.6339799327907236,-0.2437072347657523,-0.49419780809989766,0.9496043759072323
-1.0,0.5711761797564494,0.04278872413253576,-3.3217658051090098
-1.0,1.0,0.38369573013685243,2.545706021262168
1.0,-0.1879866527522709,-0.6497004194100613,5.473287606390589
-0.09350066361890041,-0.3341578424805842,1.0,-1.2930033562955479
0.6551563143048176,0.10563466429147272,0.20779371935921698,1.8731622568142803
-0.8004792900057338,-0.55841692597054,-0.7651200454450491,1.852702304619305
-0.21524779165913577,-0.3556040905068967,-0.9785697682735368,-3.542585740225015
1.0,-0.20511641815718717,-0.4108360856810027,4.327828819396929
-1.0,1.0,0.503644264011629,2.5662094084553546
0.6974804825299579,-0.07510338350157753,0.38749274866763006,2.5014316259621827
0.16135722011248954,-0.10976506692830168,0.8366650557279438,-0.3349628140557179
-1.0,0.8065010388824359,0.023694695103686048,1.315177495031577
-0.07283994152349305,-1.0,-1.0,-16.71075631805178
-1.0,-0.37482011438668805,0.6441785182896458,0.05471634443039093
0.8064548056189669,-0.6847622766474433,-0.011445251458998218,1.0354496756781475
-0.5245643294062643,0.014353799842931059,1.0,1.4485923904287814
-0.3413973379760684,1.0,-0.737959316565906,6.143793291114853
-0.25182876671366317,-0.3003595248692039,-0.23271017148437,0.9348408684347589
-1.0,0.1413719504816615,0.7782451932899097,-3.1071672212149317
1.0,1.0,-0.8766786344865811,33.5011952010973
1.0,1.0,-0.8610544281696575,32.904714992039494
0.31988828133924185,1.0,0.4720783385286862,7.601934208203272
0.14096482783733788,-0.2362783524637071,0.6294400925670414,0.6461309352199524
-0.32630404828116966,-1.0,-0.08544738662621665,3.38939114788455
0.12754416032051186,1.0,0.782800565738335,8.862196241726362
-1.0,0.18775098181659677,0.1812397191094952,-4.319605413090198
-0.284087585506809,-0.541912421674869,1.0,-0.37359901881140956
-0.3094104029157978,-1.0,0.546059853059554,1.5098292855224424
1.0,-1.0,0.3826475066889674,-6.8556297118598355
0.14182378410630236,1.0,-1.0,4.794938147730596
-0.9377976575216653,0.4695617907157945,-1.0,12.1326153034389
-0.6474046783520888,0.5831448770194463,1.0,5.1148813495410375
0.023378406719632983,0.5362308197512402,0.41942055362189246,1.0121744546937235
1.0,-0.44041690206513806,0.4126567170534339,4.2530214657747125
-1.0,-1.0,-0.040794273930431446,8.032973484695063
0.059671459758336765,0.12632559569247404,0.055162099469725945,0.8084413860801514
-0.9916906131880254,-0.7779690030496167,-1.0,4.849800661315755
0.44498911653107487,0.093804111816427,-0.24144469597306895,0.9113929160969811
-0.20629037150657448,0.7266361249494373,0.9246901897620161,4.728313531438275
0.3622323424578473,1.0,-0.846129544795553,10.480555821340422
-1.0,1.0,0.6624884223724581,1.9173410461930658
0.1763964428850875,-0.33779995453073575,0.608070907548701,0.16033983197975898
-0.5509172130248781,1.0,0.24727499369150796,5.591804074091117
-0.5709122539243667,0.7423342879648318,-0.7824068306268062,-1.8457676258332527
0.5724281751934117,0.7648786973474309,-0.5797530255408967,2.327796693143607
-0.5834628046149584,0.9186652583804074,0.21382938037885846,1.6132643262317063
-0.5676467984189089,-0.38694771457428945,0.36544075825268396,0.32870263620350415
0.5286461990606999,0.6162155812942103,1.0,5.6519406586363505
0.17787899991845046,-0.8163701569789041,-0.6193349559563233,-0.5411464100129922
-0.17767554803286933,0.028169188332646034,1.0,0.6273791427428028
-0.38895686725907264,0.1455015680220213,1.0,1.6651026756866596
-1.0,0.2495582436256969,-0.8083105217952076,4.911947698067875
-0.05283042512043479,0.5640957296903368,0.56351893750031,0.1924703334511167
-0.5825874464905085,-1.0,0.9007789532108379,0.037029820286430426
